{
    "variants": {
        "": [ { "model": "block/dirt", "weight":70 },
{ "model": "block/dirt", "y": 90, "weight":70 },
{ "model": "block/dirt", "y": 180, "weight":70 },
{ "model": "block/dirt", "y": 270, "weight":70 },
{ "model": "block/dirt1", "weight":4 },
{ "model": "block/dirt1", "y": 90, "weight":4 },
{ "model": "block/dirt1", "y": 180, "weight":4 },
{ "model": "block/dirt1", "y": 270, "weight":4 },
{ "model": "block/dirt2", "weight":6 },
{ "model": "block/dirt2", "y": 90, "weight":6 },
{ "model": "block/dirt2", "y": 180, "weight":6 },
{ "model": "block/dirt2", "y": 270, "weight":6 },
{ "model": "block/dirt3", "weight":70 },
{ "model": "block/dirt3", "y": 90, "weight":70 },
{ "model": "block/dirt3", "y": 180, "weight":70 },
{ "model": "block/dirt3", "y": 270, "weight":70 },
{ "model": "block/dirt4", "weight":60 },
{ "model": "block/dirt4", "y": 90, "weight":60 },
{ "model": "block/dirt4", "y": 180, "weight":60 },
{ "model": "block/dirt4", "y": 270, "weight":60 },
{ "model": "block/dirt5", "weight":40 },
{ "model": "block/dirt5", "y": 90, "weight":1 },
{ "model": "block/dirt5", "y": 180, "weight":1 },
{ "model": "block/dirt5", "y": 270, "weight":1 },
{ "model": "block/dirt6", "weight":6 },
{ "model": "block/dirt6", "y": 90, "weight":6 },
{ "model": "block/dirt6", "y": 180, "weight":6 },
{ "model": "block/dirt6", "y": 270, "weight":6 },
{ "model": "block/dirt7", "weight":8 },
{ "model": "block/dirt7", "y": 90, "weight":1 },
{ "model": "block/dirt7", "y": 180, "weight":1 },
{ "model": "block/dirt7", "y": 270, "weight":1 },
{ "model": "block/dirt8", "weight":6},
{ "model": "block/dirt8", "y": 90, "weight":6 },
{ "model": "block/dirt8", "y": 180, "weight":6 },
{ "model": "block/dirt8", "y": 270, "weight":6 },
{ "model": "block/dirt9", "weight":40 },
{ "model": "block/dirt9", "y": 90, "weight":40 },
{ "model": "block/dirt9", "y": 180, "weight":40 },
{ "model": "block/dirt9", "y": 270, "weight":40 }

 ]   }
}
